t:0.03, r:0.00, y:0.00, ym:0.00, u:0.00, theta1:0.00, theta2:0.00
t:0.05, r:0.00, y:0.00, ym:0.00, u:0.00, theta1:0.00, theta2:0.00
t:0.07, r:0.00, y:0.00, ym:0.00, u:0.00, theta1:0.00, theta2:0.00
t:0.09, r:0.00, y:0.00, ym:0.00, u:0.00, theta1:0.00, theta2:0.00
t:0.11, r:0.00, y:0.00, ym:0.00, u:0.00, theta1:0.00, theta2:0.00
t:0.13, r:0.00, y:0.00, ym:0.00, u:0.00, theta1:0.00, theta2:0.00
t:0.15, r:0.00, y:0.00, ym:0.00, u:0.00, theta1:0.00, theta2:0.00
t:0.17, r:0.00, y:0.00, ym:0.00, u:0.00, theta1:0.00, theta2:0.00
t:0.19, r:0.00, y:0.00, ym:0.00, u:0.00, theta1:0.00, theta2:0.00
t:0.21, r:0.00, y:0.00, ym:0.00, u:0.00, theta1:0.00, theta2:0.00
t:0.23, r:0.00, y:0.00, ym:0.00, u:0.00, theta1:0.00, theta2:0.00
t:0.25, r:0.00, y:0.00, ym:0.00, u:0.00, theta1:0.00, theta2:0.00
t:0.27, r:0.00, y:0.00, ym:0.00, u:0.00, theta1:0.00, theta2:0.00
t:0.29, r:0.00, y:0.00, ym:0.00, u:0.00, theta1:0.00, theta2:0.00
t:0.31, r:0.00, y:0.00, ym:0.00, u:0.00, theta1:0.00, theta2:0.00
t:0.33, r:0.00, y:0.00, ym:0.00, u:0.00, theta1:0.00, theta2:0.00
t:0.35, r:0.00, y:0.00, ym:0.00, u:0.00, theta1:0.00, theta2:0.00
t:0.37, r:0.00, y:0.00, ym:0.00, u:0.00, theta1:0.00, theta2:0.00
t:0.39, r:0.00, y:0.00, ym:0.00, u:0.00, theta1:0.00, theta2:0.00
t:0.41, r:0.00, y:0.00, ym:0.00, u:0.00, theta1:0.00, theta2:0.00
t:0.43, r:0.00, y:0.00, ym:0.00, u:0.00, theta1:0.00, theta2:0.00
t:0.45, r:0.00, y:0.00, ym:0.00, u:0.00, theta1:0.00, theta2:0.00
t:0.47, r:0.00, y:0.00, ym:0.00, u:0.00, theta1:0.00, theta2:0.00
t:0.49, r:0.00, y:0.00, ym:0.00, u:0.00, theta1:0.00, theta2:0.00
t:0.51, r:0.00, y:0.00, ym:0.00, u:0.00, theta1:0.00, theta2:0.00
t:0.53, r:0.00, y:0.00, ym:0.00, u:0.00, theta1:0.00, theta2:0.00
t:0.55, r:0.00, y:0.00, ym:0.00, u:0.00, theta1:0.00, theta2:0.00
t:0.57, r:0.00, y:0.00, ym:0.00, u:0.00, theta1:0.00, theta2:0.00
t:0.59, r:0.00, y:0.00, ym:0.00, u:0.00, theta1:0.00, theta2:0.00
t:0.61, r:0.00, y:0.00, ym:0.00, u:0.00, theta1:0.00, theta2:0.00
t:0.63, r:0.00, y:0.00, ym:0.00, u:0.00, theta1:0.00, theta2:0.00
t:0.65, r:0.00, y:0.00, ym:0.00, u:0.00, theta1:0.00, theta2:0.00
t:0.67, r:0.00, y:0.00, ym:0.00, u:0.00, theta1:0.00, theta2:0.00
t:0.69, r:0.00, y:0.00, ym:0.00, u:0.00, theta1:0.00, theta2:0.00
t:0.71, r:0.00, y:0.00, ym:0.00, u:0.00, theta1:0.00, theta2:0.00
t:0.73, r:0.00, y:0.00, ym:0.00, u:0.00, theta1:0.00, theta2:0.00
t:0.75, r:0.00, y:0.00, ym:0.00, u:0.00, theta1:0.00, theta2:0.00
t:0.77, r:0.00, y:0.00, ym:0.00, u:0.00, theta1:0.00, theta2:0.00
t:0.79, r:0.00, y:0.00, ym:0.00, u:0.00, theta1:0.00, theta2:0.00
t:0.81, r:0.00, y:0.00, ym:0.00, u:0.00, theta1:0.00, theta2:0.00
t:0.83, r:0.00, y:0.00, ym:0.00, u:0.00, theta1:0.00, theta2:0.00
t:0.85, r:0.00, y:0.00, ym:0.00, u:0.00, theta1:0.00, theta2:0.00
t:0.87, r:0.00, y:0.00, ym:0.00, u:0.00, theta1:0.00, theta2:0.00
t:0.89, r:0.00, y:0.00, ym:0.00, u:0.00, theta1:0.00, theta2:0.00
t:0.91, r:0.00, y:0.00, ym:0.00, u:0.00, theta1:0.00, theta2:0.00
t:0.93, r:0.00, y:0.00, ym:0.00, u:0.00, theta1:0.00, theta2:0.00
t:0.95, r:0.00, y:0.00, ym:0.00, u:0.00, theta1:0.00, theta2:0.00
t:0.97, r:0.00, y:0.00, ym:0.00, u:0.00, theta1:0.00, theta2:0.00
t:0.99, r:0.00, y:0.00, ym:0.00, u:0.00, theta1:0.00, theta2:0.00
t:1.01, r:0.01, y:0.00, ym:0.00, u:0.00, theta1:0.00, theta2:0.00
t:1.03, r:0.03, y:0.00, ym:0.01, u:0.00, theta1:0.00, theta2:0.00
t:1.05, r:0.05, y:0.00, ym:0.02, u:0.00, theta1:0.00, theta2:0.00
t:1.07, r:0.07, y:0.00, ym:0.04, u:0.00, theta1:0.00, theta2:0.00
t:1.09, r:0.09, y:0.00, ym:0.06, u:0.00, theta1:0.00, theta2:0.00
t:1.11, r:0.11, y:0.00, ym:0.07, u:0.00, theta1:0.00, theta2:0.00
t:1.13, r:0.13, y:0.00, ym:0.09, u:0.00, theta1:0.00, theta2:0.00
t:1.15, r:0.15, y:0.00, ym:0.11, u:0.00, theta1:0.00, theta2:0.00
t:1.17, r:0.17, y:0.00, ym:0.13, u:0.00, theta1:0.00, theta2:0.00
t:1.19, r:0.19, y:0.00, ym:0.15, u:0.00, theta1:0.00, theta2:0.00
t:1.21, r:0.21, y:0.00, ym:0.17, u:0.00, theta1:0.00, theta2:0.00
t:1.23, r:0.23, y:0.00, ym:0.19, u:0.00, theta1:0.00, theta2:0.00
t:1.25, r:0.25, y:0.00, ym:0.21, u:0.00, theta1:0.00, theta2:0.00
t:1.27, r:0.27, y:0.00, ym:0.23, u:0.00, theta1:0.00, theta2:0.00
t:1.29, r:0.29, y:0.00, ym:0.25, u:0.00, theta1:0.00, theta2:0.00
t:1.31, r:0.31, y:0.00, ym:0.27, u:0.00, theta1:0.00, theta2:0.00
t:1.33, r:0.33, y:0.00, ym:0.29, u:0.00, theta1:0.01, theta2:0.00
t:1.35, r:0.35, y:0.00, ym:0.31, u:0.00, theta1:0.01, theta2:0.00
t:1.37, r:0.37, y:0.00, ym:0.33, u:0.00, theta1:0.01, theta2:0.00
t:1.39, r:0.39, y:0.00, ym:0.35, u:0.00, theta1:0.01, theta2:0.00
t:1.41, r:0.41, y:0.00, ym:0.37, u:0.00, theta1:0.01, theta2:0.00
t:1.43, r:0.43, y:0.00, ym:0.39, u:0.01, theta1:0.01, theta2:0.00
t:1.45, r:0.45, y:0.00, ym:0.41, u:0.01, theta1:0.01, theta2:0.00
t:1.47, r:0.47, y:0.00, ym:0.43, u:0.01, theta1:0.02, theta2:0.00
t:1.49, r:0.49, y:0.00, ym:0.45, u:0.01, theta1:0.02, theta2:0.00
t:1.51, r:0.51, y:0.00, ym:0.47, u:0.01, theta1:0.02, theta2:0.00
t:1.53, r:0.53, y:0.00, ym:0.49, u:0.01, theta1:0.02, theta2:0.00
t:1.55, r:0.55, y:0.00, ym:0.51, u:0.01, theta1:0.03, theta2:0.00
t:1.57, r:0.57, y:0.00, ym:0.53, u:0.02, theta1:0.03, theta2:0.00
t:1.59, r:0.59, y:0.00, ym:0.55, u:0.02, theta1:0.03, theta2:0.00
t:1.61, r:0.61, y:0.00, ym:0.57, u:0.02, theta1:0.04, theta2:0.00
t:1.63, r:0.63, y:0.00, ym:0.59, u:0.02, theta1:0.04, theta2:0.00
t:1.65, r:0.65, y:0.00, ym:0.61, u:0.03, theta1:0.04, theta2:0.00
t:1.67, r:0.67, y:0.00, ym:0.63, u:0.03, theta1:0.05, theta2:0.00
t:1.69, r:0.69, y:0.00, ym:0.65, u:0.04, theta1:0.05, theta2:0.00
t:1.71, r:0.71, y:0.00, ym:0.67, u:0.04, theta1:0.06, theta2:0.00
t:1.73, r:0.73, y:0.00, ym:0.69, u:0.05, theta1:0.06, theta2:0.00
t:1.75, r:0.75, y:0.00, ym:0.71, u:0.05, theta1:0.07, theta2:0.00
t:1.77, r:0.77, y:0.00, ym:0.73, u:0.06, theta1:0.07, theta2:0.00
t:1.79, r:0.79, y:0.00, ym:0.75, u:0.06, theta1:0.08, theta2:0.00
t:1.81, r:0.81, y:0.00, ym:0.77, u:0.07, theta1:0.09, theta2:0.00
t:1.83, r:0.83, y:0.00, ym:0.79, u:0.08, theta1:0.09, theta2:0.00
t:1.85, r:0.85, y:0.00, ym:0.81, u:0.08, theta1:0.10, theta2:0.00
t:1.87, r:0.87, y:0.00, ym:0.83, u:0.09, theta1:0.11, theta2:0.00
t:1.89, r:0.89, y:0.00, ym:0.85, u:0.10, theta1:0.11, theta2:0.00
t:1.91, r:0.91, y:0.00, ym:0.87, u:0.11, theta1:0.12, theta2:0.00
t:1.93, r:0.93, y:0.00, ym:0.89, u:0.12, theta1:0.13, theta2:0.00
t:1.95, r:0.95, y:0.00, ym:0.91, u:0.13, theta1:0.14, theta2:0.00
t:1.97, r:0.97, y:0.00, ym:0.93, u:0.14, theta1:0.15, theta2:0.00
t:1.99, r:0.99, y:0.00, ym:0.95, u:0.15, theta1:0.16, theta2:0.00
t:2.01, r:1.01, y:0.00, ym:0.97, u:0.17, theta1:0.17, theta2:0.00
t:2.03, r:1.03, y:0.00, ym:0.99, u:0.18, theta1:0.18, theta2:0.00
t:2.05, r:1.05, y:0.00, ym:1.01, u:0.20, theta1:0.19, theta2:0.00
t:2.07, r:1.07, y:0.00, ym:1.03, u:0.21, theta1:0.20, theta2:0.00
t:2.09, r:1.09, y:0.00, ym:1.05, u:0.23, theta1:0.21, theta2:0.00
t:2.11, r:1.11, y:0.00, ym:1.07, u:0.25, theta1:0.22, theta2:0.00
t:2.13, r:1.13, y:0.00, ym:1.09, u:0.26, theta1:0.23, theta2:0.00
t:2.15, r:1.15, y:0.00, ym:1.11, u:0.28, theta1:0.25, theta2:0.00
t:2.17, r:1.17, y:0.00, ym:1.13, u:0.30, theta1:0.26, theta2:0.00
t:2.19, r:1.19, y:0.00, ym:1.15, u:0.33, theta1:0.27, theta2:0.00
t:2.21, r:1.21, y:0.00, ym:1.17, u:0.35, theta1:0.29, theta2:0.00
t:2.23, r:1.23, y:0.00, ym:1.19, u:0.37, theta1:0.30, theta2:0.00
t:2.25, r:1.25, y:0.00, ym:1.21, u:0.40, theta1:0.32, theta2:0.00
t:2.27, r:1.27, y:0.00, ym:1.23, u:0.42, theta1:0.33, theta2:0.00
t:2.29, r:1.29, y:0.00, ym:1.25, u:0.45, theta1:0.35, theta2:0.00
t:2.31, r:1.31, y:0.00, ym:1.27, u:0.48, theta1:0.37, theta2:0.00
t:2.33, r:1.33, y:0.00, ym:1.29, u:0.51, theta1:0.38, theta2:0.00
t:2.35, r:1.35, y:0.00, ym:1.31, u:0.54, theta1:0.40, theta2:0.00
t:2.37, r:1.37, y:0.00, ym:1.33, u:0.57, theta1:0.42, theta2:0.00
t:2.39, r:1.39, y:0.00, ym:1.35, u:0.61, theta1:0.44, theta2:0.00
t:2.41, r:1.41, y:0.00, ym:1.37, u:0.64, theta1:0.46, theta2:0.00
t:2.43, r:1.43, y:0.00, ym:1.39, u:0.68, theta1:0.48, theta2:0.00
t:2.45, r:1.45, y:0.00, ym:1.41, u:0.72, theta1:0.50, theta2:0.00
t:2.47, r:1.47, y:0.00, ym:1.43, u:0.76, theta1:0.52, theta2:0.00
t:2.49, r:1.49, y:0.00, ym:1.45, u:0.80, theta1:0.54, theta2:0.00
t:2.51, r:1.51, y:0.00, ym:1.47, u:0.85, theta1:0.56, theta2:0.00
t:2.53, r:1.53, y:0.00, ym:1.49, u:0.89, theta1:0.58, theta2:0.00
t:2.55, r:1.55, y:0.00, ym:1.51, u:0.94, theta1:0.61, theta2:0.00
t:2.57, r:1.57, y:0.00, ym:1.53, u:0.99, theta1:0.63, theta2:0.00
t:2.59, r:1.59, y:0.00, ym:1.55, u:1.04, theta1:0.66, theta2:0.00
t:2.61, r:1.61, y:0.00, ym:1.57, u:1.10, theta1:0.68, theta2:0.00
t:2.63, r:1.63, y:0.00, ym:1.59, u:1.15, theta1:0.71, theta2:0.00
t:2.65, r:1.65, y:0.00, ym:1.61, u:1.21, theta1:0.73, theta2:0.00
t:2.67, r:1.67, y:0.00, ym:1.63, u:1.27, theta1:0.76, theta2:0.00
t:2.69, r:1.69, y:0.00, ym:1.65, u:1.33, theta1:0.79, theta2:0.00
t:2.71, r:1.71, y:0.00, ym:1.67, u:1.40, theta1:0.82, theta2:0.00
t:2.73, r:1.73, y:0.00, ym:1.69, u:1.47, theta1:0.85, theta2:0.00
t:2.75, r:1.75, y:0.00, ym:1.71, u:1.54, theta1:0.88, theta2:0.00
t:2.77, r:1.77, y:0.00, ym:1.73, u:1.61, theta1:0.91, theta2:0.00
t:2.79, r:1.79, y:0.00, ym:1.75, u:1.68, theta1:0.94, theta2:0.00
t:2.81, r:1.81, y:0.00, ym:1.77, u:1.76, theta1:0.97, theta2:0.00
t:2.83, r:1.83, y:0.00, ym:1.79, u:1.84, theta1:1.00, theta2:0.00
t:2.85, r:1.85, y:0.00, ym:1.81, u:1.92, theta1:1.04, theta2:0.00
t:2.87, r:1.87, y:0.00, ym:1.83, u:2.00, theta1:1.07, theta2:0.00
t:2.89, r:1.89, y:0.00, ym:1.85, u:2.09, theta1:1.11, theta2:0.00
t:2.91, r:1.91, y:0.00, ym:1.87, u:2.18, theta1:1.14, theta2:0.00
t:2.93, r:1.93, y:0.00, ym:1.89, u:2.27, theta1:1.18, theta2:0.00
t:2.95, r:1.95, y:0.00, ym:1.91, u:2.37, theta1:1.22, theta2:0.00
t:2.97, r:1.97, y:0.00, ym:1.93, u:2.47, theta1:1.25, theta2:0.00
t:2.99, r:1.99, y:0.00, ym:1.95, u:2.57, theta1:1.29, theta2:0.00
t:3.01, r:2.01, y:0.00, ym:1.97, u:2.68, theta1:1.33, theta2:0.00
t:3.03, r:2.03, y:0.00, ym:1.99, u:2.79, theta1:1.37, theta2:0.00
t:3.05, r:2.05, y:0.00, ym:2.01, u:2.90, theta1:1.41, theta2:0.00
t:3.07, r:2.07, y:0.00, ym:2.03, u:3.01, theta1:1.46, theta2:0.00
t:3.09, r:2.09, y:0.00, ym:2.05, u:3.13, theta1:1.50, theta2:0.00
t:3.11, r:2.11, y:0.00, ym:2.07, u:3.25, theta1:1.54, theta2:0.00
t:3.13, r:2.13, y:0.00, ym:2.09, u:3.38, theta1:1.59, theta2:0.00
t:3.15, r:2.15, y:0.00, ym:2.11, u:3.51, theta1:1.63, theta2:0.00
t:3.17, r:2.17, y:0.00, ym:2.13, u:3.64, theta1:1.68, theta2:0.00
t:3.19, r:2.19, y:0.00, ym:2.15, u:3.78, theta1:1.73, theta2:0.00
t:3.21, r:2.21, y:0.00, ym:2.17, u:3.92, theta1:1.77, theta2:0.00
t:3.23, r:2.23, y:0.00, ym:2.19, u:4.06, theta1:1.82, theta2:0.00
t:3.25, r:2.25, y:0.00, ym:2.21, u:4.21, theta1:1.87, theta2:0.00
t:3.27, r:2.27, y:0.00, ym:2.23, u:4.36, theta1:1.92, theta2:0.00
t:3.29, r:2.29, y:0.00, ym:2.25, u:4.52, theta1:1.97, theta2:0.00
t:3.31, r:2.31, y:0.00, ym:2.27, u:4.68, theta1:2.03, theta2:0.00
t:3.33, r:2.33, y:0.00, ym:2.29, u:4.85, theta1:2.08, theta2:0.00
t:3.35, r:2.35, y:0.00, ym:2.31, u:5.02, theta1:2.13, theta2:0.00
t:3.37, r:2.37, y:0.00, ym:2.33, u:5.19, theta1:2.19, theta2:0.00
t:3.39, r:2.39, y:0.00, ym:2.35, u:5.37, theta1:2.25, theta2:0.00
t:3.41, r:2.41, y:0.00, ym:2.37, u:5.55, theta1:2.30, theta2:0.00
t:3.43, r:2.43, y:0.00, ym:2.39, u:5.74, theta1:2.36, theta2:0.00
t:3.45, r:2.45, y:0.00, ym:2.41, u:5.93, theta1:2.42, theta2:0.00
t:3.47, r:2.47, y:0.00, ym:2.43, u:6.12, theta1:2.48, theta2:0.00
t:3.49, r:2.49, y:0.00, ym:2.45, u:6.33, theta1:2.54, theta2:0.00
t:3.51, r:2.51, y:0.00, ym:2.47, u:6.53, theta1:2.60, theta2:0.00
t:3.53, r:2.53, y:0.00, ym:2.49, u:6.74, theta1:2.67, theta2:0.00
t:3.55, r:2.55, y:0.00, ym:2.51, u:6.96, theta1:2.73, theta2:0.00
t:3.57, r:2.57, y:0.00, ym:2.53, u:7.18, theta1:2.79, theta2:0.00
t:3.59, r:2.59, y:0.00, ym:2.55, u:7.41, theta1:2.86, theta2:0.00
t:3.61, r:2.61, y:0.00, ym:2.57, u:7.64, theta1:2.93, theta2:0.00
t:3.63, r:2.63, y:0.00, ym:2.59, u:7.88, theta1:3.00, theta2:0.00
t:3.65, r:2.65, y:0.00, ym:2.61, u:8.12, theta1:3.06, theta2:0.00
t:3.67, r:2.67, y:0.00, ym:2.63, u:8.37, theta1:3.14, theta2:0.00
t:3.69, r:2.69, y:0.00, ym:2.65, u:8.63, theta1:3.21, theta2:0.00
t:3.71, r:2.71, y:0.00, ym:2.67, u:8.89, theta1:3.28, theta2:0.00
t:3.73, r:2.73, y:0.00, ym:2.69, u:9.15, theta1:3.35, theta2:0.00
t:3.75, r:2.75, y:0.00, ym:2.71, u:9.42, theta1:3.43, theta2:0.00
t:3.77, r:2.77, y:0.00, ym:2.73, u:9.70, theta1:3.50, theta2:0.00
t:3.79, r:2.79, y:0.00, ym:2.75, u:9.99, theta1:3.58, theta2:0.00
t:3.81, r:2.81, y:0.00, ym:2.77, u:10.28, theta1:3.66, theta2:0.00
t:3.83, r:2.83, y:0.00, ym:2.79, u:10.57, theta1:3.74, theta2:0.00
t:3.85, r:2.85, y:0.00, ym:2.81, u:10.88, theta1:3.82, theta2:0.00
t:3.87, r:2.87, y:0.00, ym:2.83, u:11.18, theta1:3.90, theta2:0.00
t:3.89, r:2.89, y:0.00, ym:2.85, u:11.50, theta1:3.98, theta2:0.00
t:3.91, r:2.91, y:0.00, ym:2.87, u:11.82, theta1:4.06, theta2:0.00
t:3.93, r:2.93, y:0.00, ym:2.89, u:12.15, theta1:4.15, theta2:0.00
t:3.95, r:2.95, y:0.00, ym:2.91, u:12.49, theta1:4.23, theta2:0.00
t:3.97, r:2.97, y:0.00, ym:2.93, u:12.83, theta1:4.32, theta2:0.00
t:3.99, r:2.99, y:0.00, ym:2.95, u:13.18, theta1:4.41, theta2:0.00
t:4.01, r:3.01, y:0.00, ym:2.97, u:13.54, theta1:4.50, theta2:0.00
t:4.03, r:3.03, y:0.00, ym:2.99, u:13.90, theta1:4.59, theta2:0.00
t:4.05, r:3.05, y:0.00, ym:3.01, u:14.27, theta1:4.68, theta2:0.00
t:4.07, r:3.07, y:0.00, ym:3.03, u:14.65, theta1:4.77, theta2:0.00
t:4.09, r:3.09, y:0.00, ym:3.05, u:15.04, theta1:4.87, theta2:0.00
t:4.11, r:3.11, y:0.00, ym:3.07, u:15.43, theta1:4.96, theta2:0.00
t:4.13, r:3.13, y:0.00, ym:3.09, u:15.84, theta1:5.06, theta2:0.00
t:4.15, r:3.15, y:0.00, ym:3.11, u:16.25, theta1:5.16, theta2:0.00
t:4.17, r:3.17, y:0.00, ym:3.13, u:16.66, theta1:5.26, theta2:0.00
t:4.19, r:3.19, y:0.00, ym:3.15, u:17.09, theta1:5.36, theta2:0.00
t:4.21, r:3.21, y:0.00, ym:3.17, u:17.52, theta1:5.46, theta2:0.00
t:4.23, r:3.23, y:0.00, ym:3.19, u:17.97, theta1:5.56, theta2:0.00
t:4.25, r:3.25, y:0.00, ym:3.21, u:18.42, theta1:5.67, theta2:0.00
t:4.27, r:3.27, y:0.00, ym:3.23, u:18.87, theta1:5.77, theta2:0.00
t:4.29, r:3.29, y:0.00, ym:3.25, u:19.34, theta1:5.88, theta2:0.00
t:4.31, r:3.31, y:0.00, ym:3.27, u:19.82, theta1:5.99, theta2:0.00
t:4.33, r:3.33, y:0.00, ym:3.29, u:20.30, theta1:6.10, theta2:0.00
t:4.35, r:3.35, y:0.00, ym:3.31, u:20.79, theta1:6.21, theta2:0.00
t:4.37, r:3.37, y:0.00, ym:3.33, u:21.30, theta1:6.32, theta2:0.00
t:4.39, r:3.39, y:0.00, ym:3.35, u:21.81, theta1:6.43, theta2:0.00
t:4.41, r:3.41, y:0.00, ym:3.37, u:22.33, theta1:6.55, theta2:0.00
t:4.43, r:3.43, y:0.00, ym:3.39, u:22.86, theta1:6.66, theta2:0.00
t:4.45, r:3.45, y:0.00, ym:3.41, u:23.40, theta1:6.78, theta2:0.00
t:4.47, r:3.47, y:0.00, ym:3.43, u:23.95, theta1:6.90, theta2:0.00
t:4.49, r:3.49, y:0.00, ym:3.45, u:24.50, theta1:7.02, theta2:0.00
t:4.51, r:3.51, y:0.00, ym:3.47, u:25.07, theta1:7.14, theta2:0.00
t:4.53, r:3.53, y:0.00, ym:3.49, u:25.65, theta1:7.27, theta2:0.00
t:4.55, r:3.55, y:0.00, ym:3.51, u:26.24, theta1:7.39, theta2:0.00
t:4.57, r:3.57, y:0.00, ym:3.53, u:26.84, theta1:7.52, theta2:0.00
t:4.59, r:3.59, y:0.00, ym:3.55, u:27.44, theta1:7.64, theta2:0.00
t:4.61, r:3.61, y:0.00, ym:3.57, u:28.06, theta1:7.77, theta2:0.00
t:4.63, r:3.63, y:0.00, ym:3.59, u:28.69, theta1:7.90, theta2:0.00
t:4.65, r:3.65, y:0.00, ym:3.61, u:29.33, theta1:8.04, theta2:0.00
t:4.67, r:3.67, y:0.00, ym:3.63, u:29.98, theta1:8.17, theta2:0.00
t:4.69, r:3.69, y:0.00, ym:3.65, u:30.64, theta1:8.30, theta2:0.00
t:4.71, r:3.71, y:0.00, ym:3.67, u:31.31, theta1:8.44, theta2:0.00
t:4.73, r:3.73, y:0.00, ym:3.69, u:31.99, theta1:8.58, theta2:0.00
t:4.75, r:3.75, y:0.00, ym:3.71, u:32.68, theta1:8.72, theta2:0.00
t:4.77, r:3.77, y:0.00, ym:3.73, u:33.39, theta1:8.86, theta2:0.00
t:4.79, r:3.79, y:0.00, ym:3.75, u:34.10, theta1:9.00, theta2:0.00
t:4.81, r:3.81, y:0.00, ym:3.77, u:34.83, theta1:9.14, theta2:0.00
t:4.83, r:3.83, y:0.00, ym:3.79, u:35.57, theta1:9.29, theta2:0.00
t:4.85, r:3.85, y:0.00, ym:3.81, u:36.32, theta1:9.43, theta2:0.00
t:4.87, r:3.87, y:0.00, ym:3.83, u:37.08, theta1:9.58, theta2:0.00
t:4.89, r:3.89, y:0.00, ym:3.85, u:37.86, theta1:9.73, theta2:0.00
t:4.91, r:3.91, y:0.00, ym:3.87, u:38.64, theta1:9.88, theta2:0.00
t:4.93, r:3.93, y:0.00, ym:3.89, u:39.44, theta1:10.04, theta2:0.00
t:4.95, r:3.95, y:0.00, ym:3.91, u:40.25, theta1:10.19, theta2:0.00
t:4.97, r:3.97, y:0.00, ym:3.93, u:41.08, theta1:10.35, theta2:0.00
t:4.99, r:3.99, y:0.00, ym:3.95, u:41.91, theta1:10.50, theta2:0.00
t:5.01, r:4.01, y:0.00, ym:3.97, u:42.76, theta1:10.66, theta2:0.00
t:5.03, r:4.03, y:0.10, ym:3.99, u:43.60, theta1:10.82, theta2:-0.00
t:5.05, r:4.05, y:0.10, ym:4.01, u:44.46, theta1:10.98, theta2:-0.01
t:5.07, r:4.07, y:0.10, ym:4.03, u:45.33, theta1:11.14, theta2:-0.01
t:5.09, r:4.09, y:0.10, ym:4.05, u:46.21, theta1:11.30, theta2:-0.02
t:5.11, r:4.11, y:0.10, ym:4.07, u:47.11, theta1:11.46, theta2:-0.02
t:5.13, r:4.13, y:0.10, ym:4.09, u:48.02, theta1:11.63, theta2:-0.02
t:5.15, r:4.15, y:4.43, ym:4.11, u:48.24, theta1:11.61, theta2:-0.01
t:5.17, r:4.17, y:4.43, ym:4.13, u:48.36, theta1:11.60, theta2:0.00
t:5.19, r:4.19, y:4.43, ym:4.15, u:48.49, theta1:11.59, theta2:0.02
t:5.21, r:4.21, y:4.43, ym:4.17, u:48.62, theta1:11.58, theta2:0.03
t:5.23, r:4.23, y:6.25, ym:4.19, u:47.63, theta1:11.49, theta2:0.16
t:5.25, r:4.25, y:6.25, ym:4.21, u:46.70, theta1:11.40, theta2:0.28
t:5.27, r:4.27, y:6.25, ym:4.23, u:45.77, theta1:11.32, theta2:0.41
t:5.29, r:4.29, y:6.25, ym:4.25, u:44.85, theta1:11.23, theta2:0.53
t:5.31, r:4.31, y:6.59, ym:4.27, u:43.45, theta1:11.13, theta2:0.69
t:5.33, r:4.33, y:6.59, ym:4.29, u:42.24, theta1:11.03, theta2:0.84
t:5.35, r:4.35, y:6.59, ym:4.31, u:41.04, theta1:10.93, theta2:0.99
t:5.37, r:4.37, y:6.59, ym:4.33, u:39.85, theta1:10.83, theta2:1.14
t:5.39, r:4.39, y:6.59, ym:4.35, u:38.66, theta1:10.74, theta2:1.29
t:5.41, r:4.41, y:5.56, ym:4.37, u:39.60, theta1:10.68, theta2:1.35
t:5.43, r:4.43, y:5.56, ym:4.39, u:39.22, theta1:10.63, theta2:1.42
t:5.45, r:4.45, y:5.56, ym:4.41, u:38.85, theta1:10.58, theta2:1.48
t:5.47, r:4.47, y:5.56, ym:4.43, u:38.48, theta1:10.53, theta2:1.54
t:5.49, r:4.49, y:5.56, ym:4.45, u:38.12, theta1:10.48, theta2:1.61
t:5.51, r:4.51, y:5.56, ym:4.47, u:37.77, theta1:10.43, theta2:1.67
t:5.53, r:4.53, y:4.14, ym:4.49, u:40.47, theta1:10.45, theta2:1.65
t:5.55, r:4.55, y:4.14, ym:4.51, u:40.82, theta1:10.46, theta2:1.64
t:5.57, r:4.57, y:4.14, ym:4.53, u:41.17, theta1:10.48, theta2:1.62
t:5.59, r:4.59, y:4.14, ym:4.55, u:41.54, theta1:10.50, theta2:1.60
t:5.61, r:4.61, y:4.14, ym:4.57, u:41.91, theta1:10.52, theta2:1.59
t:5.63, r:4.63, y:4.14, ym:4.59, u:42.29, theta1:10.54, theta2:1.57
t:5.65, r:4.65, y:4.53, ym:4.61, u:41.93, theta1:10.54, theta2:1.56
t:5.67, r:4.67, y:4.53, ym:4.63, u:42.18, theta1:10.55, theta2:1.56
t:5.69, r:4.69, y:4.53, ym:4.65, u:42.44, theta1:10.55, theta2:1.56
t:5.71, r:4.71, y:4.53, ym:4.67, u:42.71, theta1:10.56, theta2:1.55
t:5.73, r:4.73, y:4.53, ym:4.69, u:42.99, theta1:10.57, theta2:1.54
t:5.75, r:4.75, y:4.98, ym:4.71, u:42.38, theta1:10.55, theta2:1.56
t:5.77, r:4.77, y:4.98, ym:4.73, u:42.47, theta1:10.54, theta2:1.57
t:5.79, r:4.79, y:4.98, ym:4.75, u:42.57, theta1:10.53, theta2:1.58
t:5.81, r:4.81, y:4.98, ym:4.77, u:42.68, theta1:10.52, theta2:1.59
t:5.83, r:4.83, y:4.98, ym:4.79, u:42.79, theta1:10.51, theta2:1.60
t:5.85, r:4.85, y:4.99, ym:4.81, u:42.90, theta1:10.50, theta2:1.61
t:5.87, r:4.87, y:4.99, ym:4.83, u:43.03, theta1:10.49, theta2:1.62
t:5.89, r:4.89, y:4.99, ym:4.85, u:43.18, theta1:10.49, theta2:1.62
t:5.91, r:4.91, y:4.99, ym:4.87, u:43.33, theta1:10.48, theta2:1.63
t:5.93, r:4.93, y:4.99, ym:4.89, u:43.49, theta1:10.48, theta2:1.64
t:5.95, r:4.95, y:5.24, ym:4.91, u:43.10, theta1:10.46, theta2:1.65
t:5.97, r:4.97, y:5.24, ym:4.93, u:43.15, theta1:10.44, theta2:1.67
t:5.99, r:4.99, y:5.24, ym:4.95, u:43.20, theta1:10.43, theta2:1.68
t:6.01, r:5.00, y:5.24, ym:4.97, u:43.16, theta1:10.41, theta2:1.70
t:6.03, r:5.00, y:5.24, ym:4.98, u:43.02, theta1:10.40, theta2:1.71
t:6.05, r:5.00, y:5.45, ym:4.98, u:42.42, theta1:10.38, theta2:1.74
t:6.07, r:5.00, y:5.45, ym:4.99, u:42.17, theta1:10.36, theta2:1.76
t:6.09, r:5.00, y:5.45, ym:4.99, u:41.92, theta1:10.33, theta2:1.79
t:6.11, r:5.00, y:5.45, ym:5.00, u:41.67, theta1:10.31, theta2:1.81
t:6.13, r:5.00, y:5.45, ym:5.00, u:41.42, theta1:10.29, theta2:1.84
t:6.15, r:5.00, y:5.23, ym:5.00, u:41.70, theta1:10.28, theta2:1.85
t:6.17, r:5.00, y:5.23, ym:5.00, u:41.58, theta1:10.26, theta2:1.86
t:6.19, r:5.00, y:5.23, ym:5.00, u:41.46, theta1:10.25, theta2:1.87
t:6.21, r:5.00, y:5.23, ym:5.00, u:41.34, theta1:10.24, theta2:1.89
t:6.23, r:5.00, y:5.23, ym:5.00, u:41.22, theta1:10.23, theta2:1.90
t:6.25, r:5.00, y:5.23, ym:5.00, u:41.10, theta1:10.22, theta2:1.91
t:6.27, r:5.00, y:4.87, ym:5.00, u:41.86, theta1:10.23, theta2:1.90
t:6.29, r:5.00, y:4.87, ym:5.00, u:41.93, theta1:10.23, theta2:1.90
t:6.31, r:5.00, y:4.87, ym:5.00, u:41.99, theta1:10.24, theta2:1.89
t:6.33, r:5.00, y:4.87, ym:5.00, u:42.06, theta1:10.25, theta2:1.88
t:6.35, r:5.00, y:4.87, ym:5.00, u:42.12, theta1:10.25, theta2:1.88
t:6.37, r:5.00, y:4.90, ym:5.00, u:42.10, theta1:10.26, theta2:1.87
t:6.39, r:5.00, y:4.90, ym:5.00, u:42.15, theta1:10.26, theta2:1.87
t:6.41, r:5.00, y:4.90, ym:5.00, u:42.20, theta1:10.27, theta2:1.86
t:6.43, r:5.00, y:4.90, ym:5.00, u:42.25, theta1:10.27, theta2:1.86
t:6.45, r:5.00, y:4.90, ym:5.00, u:42.29, theta1:10.28, theta2:1.85
t:6.47, r:5.00, y:4.91, ym:5.00, u:42.33, theta1:10.28, theta2:1.85
t:6.49, r:5.00, y:4.91, ym:5.00, u:42.38, theta1:10.29, theta2:1.84
t:6.51, r:5.00, y:4.91, ym:5.00, u:42.42, theta1:10.29, theta2:1.84
t:6.53, r:5.00, y:4.91, ym:5.00, u:42.47, theta1:10.29, theta2:1.84
t:6.55, r:5.00, y:4.91, ym:5.00, u:42.51, theta1:10.30, theta2:1.83
t:6.57, r:5.00, y:5.12, ym:5.00, u:42.07, theta1:10.29, theta2:1.84
t:6.59, r:5.00, y:5.12, ym:5.00, u:42.01, theta1:10.29, theta2:1.84
t:6.61, r:5.00, y:5.12, ym:5.00, u:41.95, theta1:10.28, theta2:1.85
t:6.63, r:5.00, y:5.12, ym:5.00, u:41.89, theta1:10.28, theta2:1.86
t:6.65, r:5.00, y:5.12, ym:5.00, u:41.83, theta1:10.27, theta2:1.86
t:6.67, r:5.00, y:5.13, ym:5.00, u:41.74, theta1:10.26, theta2:1.87
t:6.69, r:5.00, y:5.13, ym:5.00, u:41.67, theta1:10.26, theta2:1.87
t:6.71, r:5.00, y:5.13, ym:5.00, u:41.60, theta1:10.25, theta2:1.88
t:6.73, r:5.00, y:5.13, ym:5.00, u:41.54, theta1:10.24, theta2:1.89
t:6.75, r:5.00, y:5.13, ym:5.00, u:41.47, theta1:10.24, theta2:1.89
t:6.77, r:5.00, y:5.13, ym:5.00, u:41.40, theta1:10.23, theta2:1.90
t:6.79, r:5.00, y:4.70, ym:5.00, u:42.35, theta1:10.25, theta2:1.89
t:6.81, r:5.00, y:4.70, ym:5.00, u:42.49, theta1:10.26, theta2:1.87
t:6.83, r:5.00, y:4.70, ym:5.00, u:42.63, theta1:10.28, theta2:1.86
t:6.85, r:5.00, y:4.70, ym:5.00, u:42.77, theta1:10.29, theta2:1.85
t:6.87, r:5.00, y:4.70, ym:5.00, u:42.91, theta1:10.31, theta2:1.83
t:6.89, r:5.00, y:4.85, ym:5.00, u:42.72, theta1:10.31, theta2:1.82
t:6.91, r:5.00, y:4.85, ym:5.00, u:42.79, theta1:10.32, theta2:1.82
t:6.93, r:5.00, y:4.85, ym:5.00, u:42.87, theta1:10.33, theta2:1.81
t:6.95, r:5.00, y:4.85, ym:5.00, u:42.94, theta1:10.34, theta2:1.80
t:6.97, r:5.00, y:4.85, ym:5.00, u:43.02, theta1:10.34, theta2:1.79
t:6.99, r:5.00, y:5.23, ym:5.00, u:42.22, theta1:10.33, theta2:1.81
t:7.01, r:5.00, y:5.23, ym:5.00, u:42.10, theta1:10.32, theta2:1.82
t:7.03, r:5.00, y:5.23, ym:5.00, u:41.98, theta1:10.31, theta2:1.83
t:7.05, r:5.00, y:5.23, ym:5.00, u:41.86, theta1:10.30, theta2:1.84
t:7.07, r:5.00, y:5.23, ym:5.00, u:41.74, theta1:10.29, theta2:1.85
t:7.09, r:5.00, y:5.23, ym:5.00, u:41.62, theta1:10.27, theta2:1.87
t:7.11, r:5.00, y:5.07, ym:5.00, u:41.89, theta1:10.27, theta2:1.87
t:7.13, r:5.00, y:5.07, ym:5.00, u:41.85, theta1:10.27, theta2:1.87
t:7.15, r:5.00, y:5.07, ym:5.00, u:41.82, theta1:10.26, theta2:1.88
t:7.17, r:5.00, y:5.07, ym:5.00, u:41.78, theta1:10.26, theta2:1.88
t:7.19, r:5.00, y:5.07, ym:5.00, u:41.75, theta1:10.26, theta2:1.88
t:7.21, r:5.00, y:4.53, ym:5.00, u:42.98, theta1:10.28, theta2:1.86
t:7.23, r:5.00, y:4.53, ym:5.00, u:43.19, theta1:10.31, theta2:1.84
t:7.25, r:5.00, y:4.53, ym:5.00, u:43.41, theta1:10.33, theta2:1.82
t:7.27, r:5.00, y:4.53, ym:5.00, u:43.62, theta1:10.35, theta2:1.80
t:7.29, r:5.00, y:4.53, ym:5.00, u:43.83, theta1:10.38, theta2:1.78
t:7.31, r:5.00, y:5.24, ym:5.00, u:42.45, theta1:10.36, theta2:1.79
t:7.33, r:5.00, y:5.24, ym:5.00, u:42.32, theta1:10.35, theta2:1.80
t:7.35, r:5.00, y:5.24, ym:5.00, u:42.20, theta1:10.34, theta2:1.81
t:7.37, r:5.00, y:5.24, ym:5.00, u:42.07, theta1:10.33, theta2:1.83
t:7.39, r:5.00, y:5.24, ym:5.00, u:41.95, theta1:10.32, theta2:1.84
t:7.41, r:5.00, y:5.24, ym:5.00, u:41.82, theta1:10.30, theta2:1.85
t:7.43, r:5.00, y:4.99, ym:5.00, u:42.30, theta1:10.30, theta2:1.85
t:7.45, r:5.00, y:4.99, ym:5.00, u:42.30, theta1:10.31, theta2:1.85
t:7.47, r:5.00, y:4.99, ym:5.00, u:42.31, theta1:10.31, theta2:1.85
t:7.49, r:5.00, y:4.99, ym:5.00, u:42.32, theta1:10.31, theta2:1.85
t:7.51, r:5.00, y:4.99, ym:5.00, u:42.32, theta1:10.31, theta2:1.85
t:7.53, r:5.00, y:4.91, ym:5.00, u:42.51, theta1:10.31, theta2:1.84
t:7.55, r:5.00, y:4.91, ym:5.00, u:42.55, theta1:10.32, theta2:1.84
t:7.57, r:5.00, y:4.91, ym:5.00, u:42.60, theta1:10.32, theta2:1.83
t:7.59, r:5.00, y:4.91, ym:5.00, u:42.64, theta1:10.33, theta2:1.83
t:7.61, r:5.00, y:4.91, ym:5.00, u:42.69, theta1:10.33, theta2:1.83
t:7.63, r:5.00, y:5.14, ym:5.00, u:42.19, theta1:10.32, theta2:1.83
t:7.65, r:5.00, y:5.14, ym:5.00, u:42.11, theta1:10.32, theta2:1.84
t:7.67, r:5.00, y:5.14, ym:5.00, u:42.04, theta1:10.31, theta2:1.85
t:7.69, r:5.00, y:5.14, ym:5.00, u:41.96, theta1:10.30, theta2:1.86
t:7.71, r:5.00, y:5.14, ym:5.00, u:41.89, theta1:10.29, theta2:1.86
t:7.73, r:5.00, y:5.10, ym:5.00, u:41.93, theta1:10.29, theta2:1.87
t:7.75, r:5.00, y:5.10, ym:5.00, u:41.88, theta1:10.28, theta2:1.87
t:7.77, r:5.00, y:5.10, ym:5.00, u:41.83, theta1:10.28, theta2:1.88
t:7.79, r:5.00, y:5.10, ym:5.00, u:41.78, theta1:10.28, theta2:1.88
t:7.81, r:5.00, y:5.10, ym:5.00, u:41.74, theta1:10.27, theta2:1.89
t:7.83, r:5.00, y:5.10, ym:5.00, u:41.69, theta1:10.27, theta2:1.89
t:7.85, r:5.00, y:4.72, ym:5.00, u:42.54, theta1:10.28, theta2:1.88
t:7.87, r:5.00, y:4.72, ym:5.00, u:42.67, theta1:10.29, theta2:1.87
t:7.89, r:5.00, y:4.72, ym:5.00, u:42.81, theta1:10.31, theta2:1.85
t:7.91, r:5.00, y:4.72, ym:5.00, u:42.94, theta1:10.32, theta2:1.84
t:7.93, r:5.00, y:4.72, ym:5.00, u:43.08, theta1:10.34, theta2:1.82
t:7.95, r:5.00, y:4.92, ym:5.00, u:42.75, theta1:10.34, theta2:1.82
t:7.97, r:5.00, y:4.92, ym:5.00, u:42.79, theta1:10.34, theta2:1.82
t:7.99, r:5.00, y:4.92, ym:5.00, u:42.83, theta1:10.35, theta2:1.81
t:8.01, r:5.00, y:4.92, ym:5.00, u:42.87, theta1:10.35, theta2:1.81
t:8.03, r:5.00, y:4.92, ym:5.00, u:42.91, theta1:10.36, theta2:1.81
t:8.05, r:5.00, y:5.22, ym:5.00, u:42.24, theta1:10.35, theta2:1.82
t:8.07, r:5.00, y:5.22, ym:5.00, u:42.12, theta1:10.33, theta2:1.83
t:8.09, r:5.00, y:5.22, ym:5.00, u:42.00, theta1:10.32, theta2:1.84
t:8.11, r:5.00, y:5.22, ym:5.00, u:41.89, theta1:10.31, theta2:1.85
t:8.13, r:5.00, y:5.22, ym:5.00, u:41.77, theta1:10.30, theta2:1.86
t:8.15, r:5.00, y:4.87, ym:5.00, u:42.49, theta1:10.31, theta2:1.86
t:8.17, r:5.00, y:4.87, ym:5.00, u:42.55, theta1:10.31, theta2:1.85
t:8.19, r:5.00, y:4.87, ym:5.00, u:42.61, theta1:10.32, theta2:1.84
t:8.21, r:5.00, y:4.87, ym:5.00, u:42.67, theta1:10.33, theta2:1.84
t:8.23, r:5.00, y:4.87, ym:5.00, u:42.73, theta1:10.33, theta2:1.83
t:8.25, r:5.00, y:4.87, ym:5.00, u:42.79, theta1:10.34, theta2:1.83
t:8.27, r:5.00, y:5.11, ym:5.00, u:42.31, theta1:10.33, theta2:1.83
t:8.29, r:5.00, y:5.11, ym:5.00, u:42.26, theta1:10.33, theta2:1.84
t:8.31, r:5.00, y:5.11, ym:5.00, u:42.20, theta1:10.32, theta2:1.84
t:8.33, r:5.00, y:5.11, ym:5.00, u:42.15, theta1:10.32, theta2:1.85
t:8.35, r:5.00, y:5.11, ym:5.00, u:42.09, theta1:10.31, theta2:1.85
t:8.37, r:5.00, y:5.09, ym:5.00, u:42.07, theta1:10.31, theta2:1.86
t:8.39, r:5.00, y:5.09, ym:5.00, u:42.02, theta1:10.30, theta2:1.86
t:8.41, r:5.00, y:5.09, ym:5.00, u:41.98, theta1:10.30, theta2:1.87
t:8.43, r:5.00, y:5.09, ym:5.00, u:41.93, theta1:10.29, theta2:1.87
t:8.45, r:5.00, y:5.09, ym:5.00, u:41.88, theta1:10.29, theta2:1.88
t:8.47, r:5.00, y:5.01, ym:5.00, u:42.04, theta1:10.29, theta2:1.88
t:8.49, r:5.00, y:5.01, ym:5.00, u:42.04, theta1:10.29, theta2:1.88
t:8.51, r:5.00, y:5.01, ym:5.00, u:42.03, theta1:10.29, theta2:1.88
t:8.53, r:5.00, y:5.01, ym:5.00, u:42.03, theta1:10.29, theta2:1.88
t:8.55, r:5.00, y:5.01, ym:5.00, u:42.03, theta1:10.29, theta2:1.88
t:8.57, r:5.00, y:5.02, ym:5.00, u:42.00, theta1:10.29, theta2:1.88
t:8.59, r:5.00, y:5.02, ym:5.00, u:41.99, theta1:10.29, theta2:1.88
t:8.61, r:5.00, y:5.02, ym:5.00, u:41.99, theta1:10.28, theta2:1.88
t:8.63, r:5.00, y:5.02, ym:5.00, u:41.98, theta1:10.28, theta2:1.88
t:8.65, r:5.00, y:5.02, ym:5.00, u:41.97, theta1:10.28, theta2:1.88
t:8.67, r:5.00, y:5.24, ym:5.00, u:41.41, theta1:10.27, theta2:1.90
t:8.69, r:5.00, y:5.24, ym:5.00, u:41.28, theta1:10.26, theta2:1.91
t:8.71, r:5.00, y:5.24, ym:5.00, u:41.16, theta1:10.25, theta2:1.92
t:8.73, r:5.00, y:5.24, ym:5.00, u:41.03, theta1:10.23, theta2:1.93
t:8.75, r:5.00, y:5.24, ym:5.00, u:40.90, theta1:10.22, theta2:1.95
t:8.77, r:5.00, y:5.24, ym:5.00, u:40.77, theta1:10.21, theta2:1.96
t:8.79, r:5.00, y:4.79, ym:5.00, u:41.76, theta1:10.22, theta2:1.95
t:8.81, r:5.00, y:4.79, ym:5.00, u:41.86, theta1:10.23, theta2:1.94
t:8.83, r:5.00, y:4.79, ym:5.00, u:41.96, theta1:10.24, theta2:1.93
t:8.85, r:5.00, y:4.79, ym:5.00, u:42.06, theta1:10.25, theta2:1.92
t:8.87, r:5.00, y:4.79, ym:5.00, u:42.16, theta1:10.26, theta2:1.91
t:8.89, r:5.00, y:4.82, ym:5.00, u:42.19, theta1:10.27, theta2:1.90
t:8.91, r:5.00, y:4.82, ym:5.00, u:42.28, theta1:10.28, theta2:1.89
t:8.93, r:5.00, y:4.82, ym:5.00, u:42.37, theta1:10.29, theta2:1.88
t:8.95, r:5.00, y:4.82, ym:5.00, u:42.46, theta1:10.30, theta2:1.88
t:8.97, r:5.00, y:4.82, ym:5.00, u:42.55, theta1:10.31, theta2:1.87
t:8.99, r:5.00, y:5.14, ym:5.00, u:41.88, theta1:10.30, theta2:1.87
t:9.01, r:5.00, y:5.14, ym:5.00, u:41.81, theta1:10.29, theta2:1.88
t:9.03, r:5.00, y:5.14, ym:5.00, u:41.74, theta1:10.29, theta2:1.89
t:9.05, r:5.00, y:5.14, ym:5.00, u:41.67, theta1:10.28, theta2:1.89
t:9.07, r:5.00, y:5.14, ym:5.00, u:41.59, theta1:10.27, theta2:1.90
t:9.09, r:5.00, y:4.98, ym:5.00, u:41.91, theta1:10.27, theta2:1.90
t:9.11, r:5.00, y:4.98, ym:5.00, u:41.93, theta1:10.28, theta2:1.90
t:9.13, r:5.00, y:4.98, ym:5.00, u:41.94, theta1:10.28, theta2:1.90
t:9.15, r:5.00, y:4.98, ym:5.00, u:41.95, theta1:10.28, theta2:1.90
t:9.17, r:5.00, y:4.98, ym:5.00, u:41.96, theta1:10.28, theta2:1.90
t:9.19, r:5.00, y:4.98, ym:5.00, u:41.97, theta1:10.28, theta2:1.89
t:9.21, r:5.00, y:4.80, ym:5.00, u:42.39, theta1:10.29, theta2:1.89
t:9.23, r:5.00, y:4.80, ym:5.00, u:42.49, theta1:10.30, theta2:1.88
t:9.25, r:5.00, y:4.80, ym:5.00, u:42.58, theta1:10.31, theta2:1.87
t:9.27, r:5.00, y:4.80, ym:5.00, u:42.68, theta1:10.32, theta2:1.86
t:9.29, r:5.00, y:4.80, ym:5.00, u:42.77, theta1:10.33, theta2:1.85
t:9.31, r:5.00, y:5.11, ym:5.00, u:42.14, theta1:10.32, theta2:1.85
t:9.33, r:5.00, y:5.11, ym:5.00, u:42.09, theta1:10.32, theta2:1.86
t:9.35, r:5.00, y:5.11, ym:5.00, u:42.03, theta1:10.31, theta2:1.86
t:9.37, r:5.00, y:5.11, ym:5.00, u:41.97, theta1:10.31, theta2:1.87
t:9.39, r:5.00, y:5.11, ym:5.00, u:41.92, theta1:10.30, theta2:1.88
t:9.41, r:5.00, y:5.01, ym:5.00, u:42.11, theta1:10.30, theta2:1.88
t:9.43, r:5.00, y:5.01, ym:5.00, u:42.11, theta1:10.30, theta2:1.88
t:9.45, r:5.00, y:5.01, ym:5.00, u:42.10, theta1:10.30, theta2:1.88
t:9.47, r:5.00, y:5.01, ym:5.00, u:42.10, theta1:10.30, theta2:1.88
t:9.49, r:5.00, y:5.01, ym:5.00, u:42.10, theta1:10.30, theta2:1.88
t:9.51, r:5.00, y:4.99, ym:5.00, u:42.14, theta1:10.30, theta2:1.88
t:9.53, r:5.00, y:4.99, ym:5.00, u:42.15, theta1:10.30, theta2:1.88
t:9.55, r:5.00, y:4.99, ym:5.00, u:42.16, theta1:10.30, theta2:1.88
t:9.57, r:5.00, y:4.99, ym:5.00, u:42.17, theta1:10.30, theta2:1.87
t:9.59, r:5.00, y:4.99, ym:5.00, u:42.17, theta1:10.30, theta2:1.87
t:9.61, r:5.00, y:5.24, ym:5.00, u:41.58, theta1:10.29, theta2:1.89
t:9.63, r:5.00, y:5.24, ym:5.00, u:41.45, theta1:10.28, theta2:1.90
t:9.65, r:5.00, y:5.24, ym:5.00, u:41.33, theta1:10.27, theta2:1.91
t:9.67, r:5.00, y:5.24, ym:5.00, u:41.20, theta1:10.26, theta2:1.92
t:9.69, r:5.00, y:5.24, ym:5.00, u:41.08, theta1:10.24, theta2:1.94
t:9.71, r:5.00, y:5.24, ym:5.00, u:40.95, theta1:10.23, theta2:1.95
t:9.73, r:5.00, y:5.02, ym:5.00, u:41.37, theta1:10.23, theta2:1.95
t:9.75, r:5.00, y:5.02, ym:5.00, u:41.36, theta1:10.23, theta2:1.95
t:9.77, r:5.00, y:5.02, ym:5.00, u:41.35, theta1:10.23, theta2:1.95
t:9.79, r:5.00, y:5.02, ym:5.00, u:41.34, theta1:10.23, theta2:1.95
t:9.81, r:5.00, y:5.02, ym:5.00, u:41.33, theta1:10.23, theta2:1.95
t:9.83, r:5.00, y:4.78, ym:5.00, u:41.91, theta1:10.24, theta2:1.94
t:9.85, r:5.00, y:4.78, ym:5.00, u:42.02, theta1:10.25, theta2:1.93
t:9.87, r:5.00, y:4.78, ym:5.00, u:42.13, theta1:10.26, theta2:1.92
t:9.89, r:5.00, y:8.97, ym:5.00, u:29.88, theta1:10.06, theta2:2.28
t:9.91, r:5.00, y:8.97, ym:5.00, u:25.68, theta1:9.86, theta2:2.63
t:9.93, r:5.00, y:10.69, ym:5.00, u:13.23, theta1:9.58, theta2:3.24
t:9.95, r:5.00, y:10.69, ym:5.00, u:5.31, theta1:9.29, theta2:3.85
t:9.97, r:5.00, y:10.69, ym:5.00, u:-2.62, theta1:9.01, theta2:4.46
t:9.99, r:5.00, y:10.69, ym:5.00, u:-10.55, theta1:8.73, theta2:5.07
t:10.01, r:5.00, y:10.69, ym:5.00, u:-18.47, theta1:8.44, theta2:5.68
t:10.03, r:5.00, y:10.69, ym:5.00, u:-26.40, theta1:8.16, theta2:6.28
t:10.05, r:5.00, y:10.69, ym:5.00, u:-34.32, theta1:7.87, theta2:6.89
t:10.07, r:5.00, y:10.69, ym:5.00, u:-42.25, theta1:7.59, theta2:7.50
t:10.09, r:5.00, y:10.69, ym:5.00, u:-50.18, theta1:7.30, theta2:8.11
t:10.11, r:5.00, y:10.69, ym:5.00, u:-58.10, theta1:7.02, theta2:8.72
t:10.13, r:5.00, y:10.69, ym:5.00, u:-66.03, theta1:6.73, theta2:9.33
t:10.15, r:5.00, y:-2.46, ym:5.00, u:58.92, theta1:7.11, theta2:9.51
t:10.17, r:5.00, y:-2.46, ym:5.00, u:61.23, theta1:7.48, theta2:9.69
t:10.19, r:5.00, y:-2.46, ym:5.00, u:63.55, theta1:7.85, theta2:9.88
t:10.21, r:5.00, y:-2.46, ym:5.00, u:65.86, theta1:8.23, theta2:10.06
t:10.23, r:5.00, y:-2.46, ym:5.00, u:68.18, theta1:8.60, theta2:10.24
t:10.25, r:5.00, y:5.90, ym:5.00, u:-17.93, theta1:8.55, theta2:10.30
t:10.27, r:5.00, y:5.90, ym:5.00, u:-18.47, theta1:8.51, theta2:10.35
t:10.29, r:5.00, y:5.90, ym:5.00, u:-19.00, theta1:8.46, theta2:10.40
t:10.31, r:5.00, y:5.90, ym:5.00, u:-19.54, theta1:8.42, theta2:10.45
t:10.33, r:5.00, y:5.90, ym:5.00, u:-20.08, theta1:8.37, theta2:10.51
t:10.35, r:5.00, y:5.90, ym:5.00, u:-20.61, theta1:8.33, theta2:10.56
t:10.37, r:5.00, y:5.90, ym:5.00, u:-21.15, theta1:8.29, theta2:10.61
t:10.39, r:5.00, y:5.90, ym:5.00, u:-21.68, theta1:8.24, theta2:10.67
t:10.41, r:5.00, y:5.90, ym:5.00, u:-22.22, theta1:8.20, theta2:10.72
t:10.43, r:5.00, y:5.90, ym:5.00, u:-22.75, theta1:8.15, theta2:10.77
t:10.45, r:5.00, y:5.90, ym:5.00, u:-23.29, theta1:8.11, theta2:10.82
t:10.47, r:5.00, y:5.90, ym:5.00, u:-23.82, theta1:8.06, theta2:10.88
t:10.49, r:5.00, y:5.90, ym:5.00, u:-24.36, theta1:8.02, theta2:10.93
t:10.51, r:5.00, y:5.90, ym:5.00, u:-24.89, theta1:7.97, theta2:10.98
t:10.53, r:5.00, y:5.90, ym:5.00, u:-25.43, theta1:7.93, theta2:11.04
t:10.55, r:5.00, y:5.90, ym:5.00, u:-25.96, theta1:7.88, theta2:11.09
t:10.57, r:5.00, y:5.90, ym:5.00, u:-26.50, theta1:7.84, theta2:11.14
t:10.59, r:5.00, y:5.90, ym:5.00, u:-27.04, theta1:7.79, theta2:11.19
t:10.61, r:5.00, y:5.90, ym:5.00, u:-27.57, theta1:7.75, theta2:11.25
t:10.63, r:5.00, y:5.90, ym:5.00, u:-28.11, theta1:7.70, theta2:11.30
t:10.65, r:5.00, y:5.90, ym:5.00, u:-28.64, theta1:7.66, theta2:11.35
t:10.67, r:5.00, y:5.90, ym:5.00, u:-29.18, theta1:7.61, theta2:11.40
t:10.69, r:5.00, y:5.90, ym:5.00, u:-29.71, theta1:7.57, theta2:11.46
t:10.71, r:5.00, y:5.90, ym:5.00, u:-30.25, theta1:7.52, theta2:11.51
t:10.73, r:5.00, y:5.90, ym:5.00, u:-30.78, theta1:7.48, theta2:11.56
t:10.75, r:5.00, y:0.00, ym:5.00, u:38.64, theta1:7.73, theta2:11.56
t:10.77, r:5.00, y:0.00, ym:5.00, u:39.89, theta1:7.98, theta2:11.56
t:10.79, r:5.00, y:0.00, ym:5.00, u:41.14, theta1:8.23, theta2:11.56
t:10.81, r:5.00, y:0.00, ym:5.00, u:42.39, theta1:8.48, theta2:11.56
t:10.83, r:5.00, y:0.00, ym:5.00, u:43.64, theta1:8.73, theta2:11.56
t:10.85, r:5.00, y:0.00, ym:5.00, u:44.89, theta1:8.98, theta2:11.56
t:10.87, r:5.00, y:0.84, ym:5.00, u:36.21, theta1:9.19, theta2:11.53
t:10.89, r:5.00, y:0.84, ym:5.00, u:37.28, theta1:9.39, theta2:11.49
t:10.91, r:5.00, y:0.84, ym:5.00, u:38.35, theta1:9.60, theta2:11.46
t:10.93, r:5.00, y:0.84, ym:5.00, u:39.42, theta1:9.81, theta2:11.42
t:10.95, r:5.00, y:0.84, ym:5.00, u:40.49, theta1:10.02, theta2:11.39
t:10.97, r:5.00, y:4.58, ym:5.00, u:-1.89, theta1:10.04, theta2:11.37
t:10.99, r:5.00, y:4.58, ym:5.00, u:-1.70, theta1:10.06, theta2:11.35
t:11.01, r:5.00, y:4.58, ym:5.00, u:-1.51, theta1:10.08, theta2:11.33
t:11.03, r:5.00, y:4.58, ym:5.00, u:-1.32, theta1:10.10, theta2:11.31
t:11.05, r:5.00, y:4.58, ym:5.00, u:-1.12, theta1:10.12, theta2:11.29
t:11.07, r:5.00, y:4.58, ym:5.00, u:-0.93, theta1:10.14, theta2:11.27
t:11.09, r:5.00, y:4.58, ym:5.00, u:-0.74, theta1:10.16, theta2:11.25
t:11.11, r:5.00, y:4.58, ym:5.00, u:-0.55, theta1:10.19, theta2:11.23
t:11.13, r:5.00, y:4.58, ym:5.00, u:-0.35, theta1:10.21, theta2:11.22
t:11.15, r:5.00, y:4.58, ym:5.00, u:-0.16, theta1:10.23, theta2:11.20
t:11.17, r:5.00, y:4.58, ym:5.00, u:0.03, theta1:10.25, theta2:11.18
t:11.19, r:5.00, y:4.58, ym:5.00, u:0.22, theta1:10.27, theta2:11.16
t:11.21, r:5.00, y:4.58, ym:5.00, u:0.41, theta1:10.29, theta2:11.14
t:11.23, r:5.00, y:4.58, ym:5.00, u:0.61, theta1:10.31, theta2:11.12
t:11.25, r:5.00, y:4.58, ym:5.00, u:0.80, theta1:10.33, theta2:11.10
t:11.27, r:5.00, y:4.58, ym:5.00, u:0.99, theta1:10.35, theta2:11.08
t:11.29, r:5.00, y:4.58, ym:5.00, u:1.18, theta1:10.37, theta2:11.06
t:11.31, r:5.00, y:4.58, ym:5.00, u:1.38, theta1:10.39, theta2:11.04
t:11.33, r:5.00, y:4.58, ym:5.00, u:1.57, theta1:10.42, theta2:11.02
t:11.35, r:5.00, y:4.58, ym:5.00, u:1.76, theta1:10.44, theta2:11.00
t:11.37, r:5.00, y:4.58, ym:5.00, u:1.95, theta1:10.46, theta2:10.99
t:11.39, r:5.00, y:4.58, ym:5.00, u:2.15, theta1:10.48, theta2:10.97
t:11.41, r:5.00, y:4.58, ym:5.00, u:2.34, theta1:10.50, theta2:10.95
t:11.43, r:5.00, y:4.58, ym:5.00, u:2.53, theta1:10.52, theta2:10.93
t:11.45, r:5.00, y:4.58, ym:5.00, u:2.72, theta1:10.54, theta2:10.91
t:11.47, r:5.00, y:0.00, ym:5.00, u:53.95, theta1:10.79, theta2:10.91
t:11.49, r:5.00, y:0.00, ym:5.00, u:55.20, theta1:11.04, theta2:10.91
t:11.51, r:5.00, y:0.00, ym:5.00, u:56.45, theta1:11.29, theta2:10.91
t:11.53, r:5.00, y:0.00, ym:5.00, u:57.70, theta1:11.54, theta2:10.91
t:11.55, r:5.00, y:0.00, ym:5.00, u:58.95, theta1:11.79, theta2:10.91
t:11.57, r:5.00, y:0.87, ym:5.00, u:50.54, theta1:12.00, theta2:10.87
t:11.59, r:5.00, y:0.87, ym:5.00, u:51.60, theta1:12.20, theta2:10.84
t:11.61, r:5.00, y:0.87, ym:5.00, u:52.66, theta1:12.41, theta2:10.80
t:11.63, r:5.00, y:0.87, ym:5.00, u:53.73, theta1:12.62, theta2:10.77
t:11.65, r:5.00, y:7.90, ym:5.00, u:-24.51, theta1:12.47, theta2:10.99
t:11.67, r:5.00, y:7.90, ym:5.00, u:-27.04, theta1:12.33, theta2:11.22
t:11.69, r:5.00, y:7.90, ym:5.00, u:-29.58, theta1:12.18, theta2:11.45
t:11.71, r:5.00, y:7.90, ym:5.00, u:-32.11, theta1:12.04, theta2:11.68
t:11.73, r:5.00, y:7.90, ym:5.00, u:-34.65, theta1:11.89, theta2:11.91
t:11.75, r:5.00, y:7.90, ym:5.00, u:-37.18, theta1:11.75, theta2:12.14
t:11.77, r:5.00, y:7.90, ym:5.00, u:-39.72, theta1:11.60, theta2:12.37
t:11.79, r:5.00, y:7.90, ym:5.00, u:-42.26, theta1:11.46, theta2:12.60
t:11.81, r:5.00, y:7.90, ym:5.00, u:-44.79, theta1:11.31, theta2:12.83
t:11.83, r:5.00, y:7.90, ym:5.00, u:-47.33, theta1:11.17, theta2:13.06
t:11.85, r:5.00, y:7.90, ym:5.00, u:-49.86, theta1:11.02, theta2:13.29
t:11.87, r:5.00, y:7.90, ym:5.00, u:-52.40, theta1:10.88, theta2:13.52
t:11.89, r:5.00, y:7.90, ym:5.00, u:-54.94, theta1:10.73, theta2:13.74
t:11.91, r:5.00, y:7.90, ym:5.00, u:-57.47, theta1:10.59, theta2:13.97
t:11.93, r:5.00, y:-1.85, ym:5.00, u:80.78, theta1:10.93, theta2:14.10
t:11.95, r:5.00, y:-1.85, ym:5.00, u:82.73, theta1:11.27, theta2:14.23
t:11.97, r:5.00, y:-1.85, ym:5.00, u:84.68, theta1:11.61, theta2:14.36
t:11.99, r:5.00, y:-1.85, ym:5.00, u:86.63, theta1:11.96, theta2:14.48
t:12.01, r:5.00, y:6.43, ym:5.00, u:-34.32, theta1:11.89, theta2:14.57
t:12.03, r:5.00, y:6.43, ym:5.00, u:-35.27, theta1:11.81, theta2:14.67
t:12.05, r:5.00, y:6.43, ym:5.00, u:-36.22, theta1:11.74, theta2:14.76
t:12.07, r:5.00, y:6.43, ym:5.00, u:-37.18, theta1:11.67, theta2:14.85
t:12.09, r:5.00, y:6.43, ym:5.00, u:-38.13, theta1:11.60, theta2:14.94
t:12.11, r:5.00, y:6.43, ym:5.00, u:-39.08, theta1:11.53, theta2:15.03
t:12.13, r:5.00, y:6.43, ym:5.00, u:-40.03, theta1:11.46, theta2:15.13
t:12.15, r:5.00, y:6.43, ym:5.00, u:-40.98, theta1:11.38, theta2:15.22
t:12.17, r:5.00, y:6.43, ym:5.00, u:-41.93, theta1:11.31, theta2:15.31
t:12.19, r:5.00, y:6.43, ym:5.00, u:-42.88, theta1:11.24, theta2:15.40
t:12.21, r:5.00, y:6.43, ym:5.00, u:-43.83, theta1:11.17, theta2:15.50
t:12.23, r:5.00, y:6.43, ym:5.00, u:-44.78, theta1:11.10, theta2:15.59
t:12.25, r:5.00, y:-2.25, ym:5.00, u:92.67, theta1:11.46, theta2:15.75
t:12.27, r:5.00, y:-2.25, ym:5.00, u:94.84, theta1:11.82, theta2:15.91
t:12.29, r:5.00, y:-2.25, ym:5.00, u:97.02, theta1:12.18, theta2:16.08
t:12.31, r:5.00, y:7.74, ym:5.00, u:-65.88, theta1:12.05, theta2:16.29
t:12.33, r:5.00, y:7.74, ym:5.00, u:-68.21, theta1:11.91, theta2:16.50
t:12.35, r:5.00, y:7.74, ym:5.00, u:-70.54, theta1:11.77, theta2:16.71
t:12.37, r:5.00, y:7.74, ym:5.00, u:-72.87, theta1:11.64, theta2:16.93
t:12.39, r:5.00, y:7.74, ym:5.00, u:-75.20, theta1:11.50, theta2:17.14
t:12.41, r:5.00, y:7.74, ym:5.00, u:-77.53, theta1:11.36, theta2:17.35
t:12.43, r:5.00, y:-4.72, ym:5.00, u:100.00, theta1:11.85, theta2:17.81
t:12.45, r:5.00, y:16.39, ym:5.00, u:-100.00, theta1:11.28, theta2:19.68
t:12.47, r:5.00, y:16.39, ym:5.00, u:-100.00, theta1:10.71, theta2:21.54
t:12.49, r:5.00, y:16.39, ym:5.00, u:-100.00, theta1:10.14, theta2:23.41
t:12.51, r:5.00, y:-9.49, ym:5.00, u:100.00, theta1:10.86, theta2:24.79
t:12.53, r:5.00, y:-9.49, ym:5.00, u:100.00, theta1:11.59, theta2:26.16
t:12.55, r:5.00, y:-9.49, ym:5.00, u:100.00, theta1:12.31, theta2:27.54
t:12.57, r:5.00, y:-9.49, ym:5.00, u:100.00, theta1:13.04, theta2:28.91
t:12.59, r:5.00, y:6.17, ym:5.00, u:-100.00, theta1:12.98, theta2:28.98
t:12.61, r:5.00, y:6.17, ym:5.00, u:-100.00, theta1:12.92, theta2:29.06
t:12.63, r:5.00, y:6.17, ym:5.00, u:-100.00, theta1:12.86, theta2:29.13
t:12.65, r:5.00, y:6.17, ym:5.00, u:-100.00, theta1:12.80, theta2:29.20
t:12.67, r:5.00, y:-6.63, ym:5.00, u:100.00, theta1:13.38, theta2:29.97
t:12.69, r:5.00, y:-6.63, ym:5.00, u:100.00, theta1:13.96, theta2:30.74
t:12.71, r:5.00, y:-6.63, ym:5.00, u:100.00, theta1:14.55, theta2:31.51
t:12.73, r:5.00, y:-6.63, ym:5.00, u:100.00, theta1:15.13, theta2:32.28
t:12.75, r:5.00, y:6.64, ym:5.00, u:-100.00, theta1:15.05, theta2:32.39
t:12.77, r:5.00, y:6.64, ym:5.00, u:-100.00, theta1:14.96, theta2:32.50